{"snrs": [-3, -2.5, -2, -1.5, -1.0, -0.5, 0, 0.5, 1.0, 1.5, 2.0, 2.5, 3.0], "ber_mean": [0.07602174828449886, 0.04327058605849743, 0.0253537492826581, 0.015593166463077068, 0.009963667330642542, 0.006604082804794113, 0.00441991623180608, 0.0031179165234789252, 0.0022574166068807244, 0.0016234166105277836, 0.001226999971549958, 0.0009007499999521921, 0.0007035000113925586], "ber_var": [0.008798492606729269, 0.004964647737021248, 0.0025715494994074106, 0.0013234176634189982, 0.0006862005199460933, 0.00038036422241323936, 0.00021032343162611747, 0.00011991632588130112, 8.546218790191536e-05, 5.025755914781863e-05, 3.429963908274658e-05, 2.2349347394386616e-05, 1.8145239967755817e-05], "ber_error_bar_width": [0.0005415561715011433, 0.0004068024802047159, 0.00029277690593165594, 0.00021003314527466042, 0.00015123938199050464, 0.00011260021054054316, 8.373040698697168e-05, 6.322349929187752e-05, 5.337358519652312e-05, 4.0929842066565e-05, 3.381303450975998e-05, 2.729428963134146e-05, 2.4593522160490295e-05], "bler_mean": [0.7547333935896555, 0.6209416588147482, 0.4987666855255763, 0.39475000898043316, 0.31074997286001843, 0.24073332796494165, 0.18472501635551453, 0.1448833296696345, 0.11183333769440651, 0.08604166780908902, 0.06792499621709187, 0.053141665334502854, 0.04148333271344503], "bler_var": [0.1851129805048307, 0.2353768820563952, 0.2500025232632955, 0.2389246995250384, 0.21418619404236475, 0.18278381725152335, 0.1506038506825765, 0.12389416495958964, 0.09932710230350494, 0.07863980531692505, 0.06331157063444455, 0.05031824794908365, 0.03976310168703397], "bler_error_bar_width": [0.0024840355640558683, 0.002801052671505216, 0.002886765913978799, 0.00282208374270407, 0.0026719917292933673, 0.002468358545346302, 0.002240564294120096, 0.002032192288798722, 0.0018195888024817122, 0.0016190512171940397, 0.001452716657788028, 0.0012950964951061066, 0.001151276127999331]}