{"snrs": [-3.0, -2.5, -2.0, -1.5, -1.0, -0.5, 0.0, 0.5, 1.0, 1.5, 2.0, 2.5, 3.0], "ber_mean": [0.25151050090789795, 0.20181100070476532, 0.14805400371551514, 0.09507100284099579, 0.05354449898004532, 0.025615498423576355, 0.011163500137627125, 0.004224499687552452, 0.0017180000431835651, 0.0006994999712333083, 0.00030250000418163836, 0.00013600000238511711, 5.700000110664405e-05], "ber_var": [0.014878147281706333, 0.016634970903396606, 0.01596251130104065, 0.01212576124817133, 0.007140388246625662, 0.0032074612099677324, 0.0011708997189998627, 0.0002991035580635071, 7.754235411994159e-05, 1.8776638171402737e-05, 6.353811386361485e-06, 2.391623638686724e-06, 9.167969210466254e-07], "bler_mean": [0.98245, 0.9481999999999999, 0.87965, 0.76065, 0.5953999999999999, 0.41615, 0.25834999999999997, 0.1446, 0.07985, 0.0405, 0.0196, 0.009850000000000001, 0.0040999999999999995], "bler_var": [0.017242859642982146, 0.04911921596079803, 0.10587117105855291, 0.18207068103405172, 0.2409108855442772, 0.24298132656632834, 0.19161485824291216, 0.12369702485124254, 0.07347765138256913, 0.03886169308465423, 0.019216800840042, 0.009753465173258664, 0.004083394169708485], "num_blocks": 20000, "ber_error_bar_width": [0.0017250012916926372, 0.0018240049837320404, 0.0017867574710094625, 0.0015572900338839473, 0.0011950220288032905, 0.0008009321082298714, 0.00048392142316699776, 0.0002445827295879687, 0.00012453301098097773, 6.128072808216746e-05, 3.564775276609028e-05, 2.1870636198733332e-05, 1.3541025965905429e-05], "bler_error_bar_width": [0.001857033098411665, 0.003134301069163524, 0.0046015469368149, 0.0060344126646103965, 0.006941338279384995, 0.006971102159147122, 0.006190555035583032, 0.004973872230993525, 0.0038334749609869405, 0.0027878914284689862, 0.0019604489710289322, 0.0013966721285440377, 0.0009037028460404986]}