{"snrs": [-3.0, -2.4999999999999996, -2.0, -1.5000000000000002, -1.0000000000000009, -0.49999999999999956, -0.0, 0.49999999999999983, 0.9999999999999993, 1.4999999999999991, 1.9999999999999998, 2.499999999999999, 3.0000000000000004], "ber_mean": [0.25532616, 0.19502859, 0.1290766, 0.07068071, 0.0308863, 0.01068566, 0.00313814, 0.00092903, 0.00033008, 0.00012864, 5.885e-05, 2.714e-05, 1.188e-05], "ber_var": [0.015906279906630516, 0.019722117111086845, 0.018966488540172577, 0.013151310384273529, 0.0062919859774410725, 0.00206174748018384, 0.00047043428639881313, 8.219366281991825e-05, 1.5132663065742236e-05, 2.486454377503833e-06, 9.79037622528267e-07, 3.9766382542438805e-07, 1.5725899515928177e-07], "ber_error_bar_width": [0.000252240202240884, 0.0002808709106410762, 0.0002754377500646749, 0.00022935832563282746, 0.00015864407934040365, 9.081293917022706e-05, 4.337899428980866e-05, 1.813214414457576e-05, 7.780144745630954e-06, 3.1536990202007754e-06, 1.9789266004865033e-06, 1.2612118385495563e-06, 7.931178857125384e-07], "bler_mean": [0.970403, 0.89877, 0.752168, 0.54297, 0.333015, 0.17605, 0.086072, 0.04069, 0.019479, 0.009042, 0.004506, 0.002191, 0.001012], "bler_var": [0.028721046312046316, 0.0909825780825781, 0.18641148618748615, 0.24815382725382737, 0.2221162318912319, 0.14505654255654263, 0.07866368947968945, 0.03903436293436294, 0.019099587658587654, 0.008960251196251193, 0.004485700449700449, 0.0021862017052017065, 0.0010109768669768686], "bler_error_bar_width": [0.0003389456966066766, 0.0006032663693015818, 0.0008635079297551034, 0.000996300812513625, 0.0009425841753206594, 0.000761725784141623, 0.0005609409576049496, 0.00039514231833284036, 0.00027640251560785516, 0.0001893172067853442, 0.00013395074392776548, 9.351367183897136e-05, 6.359172483827966e-05], "num_blocks": 1000000}