{"snrs": [-3.0, -2.4999999999999996, -2.0, -1.5000000000000002, -1.0000000000000009, -0.49999999999999956, -0.0, 0.49999999999999983, 0.9999999999999993, 1.4999999999999991, 1.9999999999999998, 2.499999999999999, 3.0000000000000004], "ber_mean": [0.19663904, 0.16101759, 0.11697241, 0.07111965, 0.03404834, 0.01231219, 0.0032988, 0.0006986200000000001, 0.00015037, 4.463e-05, 1.8e-05, 9.64e-06, 4.77e-06], "ber_var": [0.004912503995001316, 0.006757811177521944, 0.007977633737027645, 0.00702003063634038, 0.004164432175457478, 0.0016224714927375317, 0.0004144875274505466, 7.244422886287794e-05, 1.0312496669939719e-05, 1.7069096429622732e-06, 4.334764867053309e-07, 1.4990726526775688e-07, 6.587735157381758e-08], "ber_error_bar_width": [0.00014017851468754142, 0.00016441181438718987, 0.00017863520075312865, 0.00016757124617714555, 0.00012906482364234614, 8.055982851862414e-05, 4.071793351586235e-05, 1.702283511790888e-05, 6.422615252353116e-06, 2.612975042331842e-06, 1.3167786248346089e-06, 7.743571921736296e-07, 5.133316727957377e-07], "bler_mean": [0.980273, 0.917932, 0.770762, 0.538503, 0.296128, 0.125283, 0.042454, 0.013647, 0.005256, 0.002497, 0.001273, 0.000791, 0.000417], "bler_var": [0.019337864808864826, 0.07533291870891869, 0.17668811604411602, 0.24851776750876753, 0.2084364160524161, 0.10958727949827955, 0.040651698535698555, 0.013460772851772851, 0.005228379692379692, 0.002490767481767482, 0.0012713807423807427, 0.0007903751093751094, 0.00041682652782652703], "bler_error_bar_width": [0.00027812130309535674, 0.0005489368586965852, 0.0008406857107007732, 0.000997031127916812, 0.0009130967441677056, 0.0006620793894942798, 0.0004032453274903433, 0.0002320411416259871, 0.00014461507103175232, 9.981517884104566e-05, 7.131285276528327e-05, 5.6227221499025165e-05, 4.083265986077944e-05], "num_blocks": 1000000}