{
  "snrs": [
    -3,
    -2.4999999999999996,
    -2,
    -1.5000000000000002,
    -1.0000000000000009,
    -0.49999999999999956,
    0,
    0.49999999999999983,
    0.9999999999999993,
    1.4999999999999991,
    1.9999999999999998,
    2.499999999999999,
    3.0000000000000004
  ],
  "ber_mean": [
    0.19137579202651978,
    0.15277260541915894,
    0.10773710906505585,
    0.06240210309624672,
    0.02786259911954403,
    0.009378899820148945,
    0.002384600229561329,
    0.0004637999809347093,
    0.00011109998740721494,
    0.000040000002627493814,
    0.000016399999367422424,
    0.0000069000002440589014,
    0.0000030999997306935256
  ],
  "ber_var": [
    0.005149343051016331,
    0.006936441641300917,
    0.007845966145396233,
    0.006389008369296789,
    0.0034232635516673326,
    0.0012144052889198065,
    0.0002751044521573931,
    0.000042853316699620336,
    0.000006460721579060191,
    0.0000013244131196188391,
    3.6173466355649e-7,
    1.1495354357293763e-7,
    3.899078393487798e-8
  ],
  "ber_error_bar_width": [
    0.00045384327916215,
    0.0005267425041251528,
    0.0005602130360995264,
    0.0005055297565642121,
    0.0003700412707613751,
    0.00022040011696183889,
    0.00010490080117089537,
    0.00004140208530961712,
    0.000016075722788179935,
    0.000007278497426306721,
    0.000003803864685061707,
    0.000002144327806777104,
    0.0000012488520158109685
  ],
  "bler_mean": [
    0.9758199453353882,
    0.9046100378036499,
    0.7418199777603149,
    0.4984000027179718,
    0.2580299973487854,
    0.10267999768257141,
    0.03507000207901001,
    0.010910000652074814,
    0.004360000137239695,
    0.002250000135973096,
    0.0012000000569969416,
    0.0005499999970197678,
    0.0002800000074785203
  ],
  "bler_var": [
    0.023595565930008888,
    0.0862916111946106,
    0.19152502715587616,
    0.24999995529651642,
    0.19145244359970093,
    0.09213773906230927,
    0.03384043276309967,
    0.010791079141199589,
    0.004341034218668938,
    0.0022449602838605642,
    0.0011985718738287687,
    0.0005497029633261263,
    0.00027992442483082414
  ],
  "bler_error_bar_width": [
    0.0009715053459453301,
    0.0018578655623549363,
    0.0027678513482907725,
    0.003162277377438712,
    0.002767326822763809,
    0.0019197681012279506,
    0.0011634506051070611,
    0.0006569955598388649,
    0.0004167029742475538,
    0.0002996638305742329,
    0.00021895861470412793,
    0.0001482839119157741,
    0.00010581576911421551
  ],
  "num_blocks": 100000
}