{"snrs": [-3, -2.4999999999999996, -2, -1.5000000000000002, -1.0000000000000009, -0.49999999999999956, 0, 0.49999999999999983, 0.9999999999999993, 1.4999999999999991, 1.9999999999999998, 2.499999999999999, 3.0000000000000004], "ber_mean": [0.18113024, 0.14312176, 0.09899929, 0.05735353, 0.02634622, 0.00943447, 0.0026651, 0.0006511, 0.00016918, 5.012e-05, 1.909e-05, 7.86e-06, 3.51e-06], "ber_var": [0.0052827587351202965, 0.00658349459990859, 0.006867654621601105, 0.005292107351124287, 0.002793869934976101, 0.0009998652385547757, 0.0002493858337402344, 4.7808123781578615e-05, 8.80578863871051e-06, 1.7192888890349423e-06, 5.241362259766902e-07, 1.6333835617388104e-07, 6.268773233841785e-08], "ber_error_bar_width": [0.00014536517788136602, 0.00016227747348179403, 0.00016574262724599372, 0.00014549374352355206, 0.00010571414162686278, 6.324129152870855e-05, 3.158390943124264e-05, 1.3828683781412982e-05, 5.93490981859388e-06, 2.6224331366385244e-06, 1.4479450624615427e-06, 8.083028050771098e-07, 5.007503663040811e-07], "bler_mean": [0.978444, 0.913593, 0.761042, 0.530181, 0.29282, 0.12809, 0.046395, 0.015494, 0.005608, 0.002243, 0.00103, 0.000497, 0.000249], "bler_var": [0.021091359955359944, 0.07894090929190932, 0.18185725609325604, 0.24908935632835633, 0.20707665467665462, 0.11168306358306358, 0.04424254821754824, 0.015253951217951214, 0.005576555912555913, 0.0022379711889711877, 0.0010289401289401289, 0.0004967534877534879, 0.00024893824793824815], "bler_error_bar_width": [0.00029045729431611763, 0.0005619284982696974, 0.0008528944977973678, 0.0009981770510853398, 0.000910113519681264, 0.0006683803216225433, 0.0004206782533839763, 0.0002470137746600478, 0.00014935268209919652, 9.461440036212644e-05, 6.415419328275055e-05, 4.457593466225865e-05, 3.155555405555403e-05], "num_blocks": 1000000}