{"snrs": [-3, -2.5, -2, -1.5, -1.0, -0.5, 0, 0.5, 1.0, 1.5, 2.0, 2.5, 3.0], "ber_mean": [0.1940546527504921, 0.15860263854265214, 0.1151045449078083, 0.06990288496017456, 0.03378369249403477, 0.012474000733345748, 0.0034407095750793814, 0.0007796100748237222, 0.00017471000464865937, 5.255998439679388e-05, 1.985999260796234e-05, 8.429999797954225e-06, 3.6999993653807907e-06], "ber_var": [0.004920286312699318, 0.0066725118085742, 0.00778433121740818, 0.0067552946973592045, 0.004021221119910478, 0.0015887128189206122, 0.0004165204096352682, 7.900923592387698e-05, 1.258158572454704e-05, 2.203241228926345e-06, 6.152065282094554e-07, 1.3582914988319316e-07, 4.4386231223825236e-08], "ber_error_bar_width": [0.00014028950513419482, 0.00016337088857656617, 0.00017645771411200112, 0.00016438119962281823, 0.0001268261979231496, 7.971732105184198e-05, 4.081766331554359e-05, 1.7777427926882673e-05, 7.094106208550035e-06, 2.968663826657606e-06, 1.5687020471835375e-06, 7.371001285665147e-07, 4.213608013274383e-07], "bler_mean": [0.9805660367012023, 0.9197379052639008, 0.7753589868545532, 0.5462979912757874, 0.30533907413482664, 0.132804973423481, 0.04638500101864338, 0.01528499899432063, 0.005590000282973051, 0.0026749994372949003, 0.0013170002028346061, 0.0006960001715924591, 0.00033899998525157573], "bler_var": [0.019056199491024016, 0.07382015585899353, 0.17417771369218826, 0.24785694628953933, 0.21210746318101883, 0.11516806557774543, 0.044233502075076106, 0.015051356796175242, 0.0055587638169527056, 0.002667849464341998, 0.0013152667554095388, 0.0006955167453270405, 0.00033888512698467823], "bler_error_bar_width": [0.0002760883879559154, 0.0005433972979652863, 0.0008346920718257441, 0.000995704667639033, 0.0009211025202028682, 0.0006787284157238311, 0.0004206352437686415, 0.00024536794245520537, 0.00014911423563097797, 0.00010330245813807139, 7.253321323116849e-05, 5.274530293123893e-05, 3.68176657046412e-05]}