{"snrs": [-3.0, -2.5, -2.0, -1.5, -1.0, -0.5, 0.0, 0.5, 1.0, 1.5, 2.0, 2.5, 3.0], "ber_mean": [0.06551699340343475, 0.042837999761104584, 0.027749501168727875, 0.017489001154899597, 0.01114100031554699, 0.007261999882757664, 0.00491249980404973, 0.003461000043898821, 0.002466500038281083, 0.0018505000043660402, 0.0013649999164044857, 0.0009790000040084124, 0.0007319999858736992], "ber_var": [0.0075627705082297325, 0.00465675862506032, 0.002696565119549632, 0.0013891443377360702, 0.0007159638917073607, 0.0003719419473782182, 0.0001970221783267334, 0.00011483722482807934, 7.432509300997481e-05, 5.725351002183743e-05, 3.4758511901600286e-05, 2.1852649297215976e-05, 1.5404946680064313e-05], "bler_mean": [0.7144999999999999, 0.61965, 0.5152, 0.42005000000000003, 0.33089999999999997, 0.2636, 0.2066, 0.16305, 0.12539999999999998, 0.0996, 0.0776, 0.059300000000000005, 0.04675], "bler_var": [0.20399994999749993, 0.23569566228311412, 0.24978144907245364, 0.24362017850892542, 0.22141626081304075, 0.19412474623731185, 0.16392463623181155, 0.13647152107605381, 0.10968032401620083, 0.0896843242162108, 0.07158181909095455, 0.05578629931496574, 0.04456666583329167], "num_blocks": 20000, "ber_error_bar_width": [0.0012298593828751101, 0.0009650656583943208, 0.0007343793460534728, 0.0005270947424773027, 0.00037840821653536033, 0.0002727423499855562, 0.0001985055053779282, 0.0001515501401042436, 0.00012192218256738583, 0.00010700795299587544, 8.337686957616037e-05, 6.610998305432543e-05, 5.5506660285166346e-05], "bler_error_bar_width": [0.006387486986248973, 0.006865794379139447, 0.007067976359219853, 0.006980260432232101, 0.00665456626404818, 0.006230966959265822, 0.005725812365626585, 0.00522439510519742, 0.004683595286021217, 0.004235193601624624, 0.003783697109731553, 0.003340248473241646, 0.0029855205855358513]}