{"snrs": [-3, -2.5, -2, -1.5, -1.0, -0.5, 0, 0.5, 1.0, 1.5, 2.0, 2.5, 3.0], "ber_mean": [0.2608993301788966, 0.2028372511267662, 0.13972151031096777, 0.08076758310198784, 0.03746475155154864, 0.014113249101986488, 0.004193666623905301, 0.0012749999877996743, 0.0004591666559766357, 0.00016366666144070527, 6.875000326544978e-05, 2.9166664110865288e-05, 1.666666412347695e-05], "ber_var": [0.015307650901377201, 0.01935724976162116, 0.019427429884672165, 0.014571213784317175, 0.007565656133616964, 0.0027960985898971558, 0.0006512270192615688, 0.00012478570473225167, 2.6947877207324684e-05, 4.7599623940186575e-06, 1.117758169281539e-06, 4.158226355836329e-07, 2.2472368973088427e-07], "ber_error_bar_width": [0.0007143213772846972, 0.0008032693562689326, 0.0008047241739600836, 0.000696926915927277, 0.0005021837689404469, 0.0003052921327677888, 0.00014733488150712635, 6.449436790197308e-05, 2.997102890421831e-05, 1.259624599370603e-05, 6.103982768874595e-06, 3.7230034272686924e-06, 2.736930700199795e-06], "bler_mean": [0.9755750199158987, 0.9124750296274821, 0.7840916514396667, 0.5871333281199137, 0.3763999938964844, 0.20827498783667883, 0.1042749968667825, 0.0499166635175546, 0.024583333482344944, 0.010991666931658983, 0.005258333093176286, 0.0023833334368343153, 0.0014333332849976916], "bler_var": [0.023827810461322468, 0.07986561457316081, 0.16929442435503006, 0.24241176495949426, 0.23472385853528976, 0.16489899903535843, 0.09340324997901917, 0.04742569414277872, 0.02397934254258871, 0.010871029924601316, 0.005230560200288892, 0.0023776849266141653, 0.0014312980929389596], "bler_error_bar_width": [0.0008912128526400127, 0.0016316210198568458, 0.0023755309887477792, 0.002842603061511838, 0.0027971643887771402, 0.002344489987434072, 0.0017644947339018344, 0.0012573211488820018, 0.0008940421791427351, 0.0006019698199688895, 0.00041755479481895115, 0.0002815247133387621, 0.0002184260433906604]}