{"snrs": [-3.0, -2.5, -2.0, -1.5, -1.0, -0.5, 0.0, 0.5, 1.0, 1.5, 2.0, 2.5, 3.0], "ber_mean": [0.24763599038124084, 0.19679999351501465, 0.14135849475860596, 0.08828149735927582, 0.04926449805498123, 0.02315549924969673, 0.009259000420570374, 0.003705000039190054, 0.0014130000490695238, 0.0005624999757856131, 0.00023599999258294702, 0.00011350000568199903, 5.300000339047983e-05], "ber_var": [0.015321586281061172, 0.016899602487683296, 0.015669653192162514, 0.011387781240046024, 0.006854016799479723, 0.002916723256930709, 0.0009055862319655716, 0.00027207660605199635, 4.965591506334022e-05, 1.651942147873342e-05, 5.114559826324694e-06, 2.022218950514798e-06, 8.772348678576236e-07], "bler_mean": [0.9789, 0.9406000000000001, 0.8633500000000001, 0.7355499999999999, 0.5584, 0.38625, 0.22935, 0.12885, 0.0697, 0.034, 0.01515, 0.0078000000000000005, 0.0037999999999999996], "bler_var": [0.020655822791139554, 0.05587443372168609, 0.11798267663383168, 0.19452592379618983, 0.24660177008850445, 0.237072791139557, 0.17675741537076856, 0.11225329016450823, 0.06484515225761289, 0.03284564228211411, 0.014921223561178058, 0.007739546977348864, 0.0037857492874643715], "num_blocks": 20000, "ber_error_bar_width": [0.0017505191390591063, 0.001838456009138282, 0.0017702911168597391, 0.0015091574629604444, 0.001170813119116772, 0.00076377002519485, 0.00042557871938469187, 0.00023327091805537884, 9.96553210454316e-05, 5.747942497752291e-05, 3.198299493895058e-05, 2.0110787903584474e-05, 1.3245639794722063e-05], "bler_error_bar_width": [0.0020325266439158705, 0.003342885990328898, 0.004857626511658377, 0.006237402084140317, 0.007022845151197689, 0.006885822988424216, 0.005945711317761207, 0.004738212535640592, 0.0036012540109693148, 0.002563031107189849, 0.0017274966605570071, 0.0012441500695132292, 0.000870143584411719]}