{"snrs": [-3, -2.5, -2, -1.5, -1.0, -0.5, 0, 0.5, 1.0, 1.5, 2.0, 2.5, 3.0], "ber_mean": [0.23984624445438385, 0.1784403920173645, 0.1140240728855133, 0.05997755378484726, 0.024987107142806053, 0.008255339227616787, 0.0024174400605261326, 0.0007617099909111857, 0.0002756699686869979, 0.00011739000183297321, 4.965998596162535e-05, 2.0870005755568855e-05, 9.589997716830112e-06], "ber_var": [0.015779301524162292, 0.018327975645661354, 0.016376789659261703, 0.010461841709911823, 0.004540007095783949, 0.001305158482864499, 0.00026752002304419875, 4.5929733460070565e-05, 8.123312909447122e-06, 2.4327221126441145e-06, 8.617347475592396e-07, 3.320647579130309e-07, 1.5100815176083415e-07], "ber_error_bar_width": [0.00025123137960185064, 0.00027076170811738765, 0.0002559436630140446, 0.00020456628959739993, 0.00013475914953403273, 7.225395443474355e-05, 3.271207868932812e-05, 1.355429577072458e-05, 5.700285224248739e-06, 3.119437200934883e-06, 1.8565933831178432e-06, 1.1525012067898774e-06, 7.771953467715415e-07], "bler_mean": [0.9655061364173889, 0.8858840465545654, 0.7282258868217468, 0.5133309364318848, 0.3049790859222412, 0.157151997089386, 0.07425900548696518, 0.03466399759054184, 0.015912000089883804, 0.007590999361127615, 0.0034810001961886883, 0.0015550001990050077, 0.0007429998950101435], "bler_var": [0.03330419957637787, 0.10109367966651917, 0.19791314005851746, 0.2498224675655365, 0.21196699142456055, 0.13245539367198944, 0.06874466687440872, 0.03346243128180504, 0.015658827498555183, 0.007533382624387741, 0.00346888555213809, 0.0015525834169238806, 0.000742448668461293], "bler_error_bar_width": [0.0003649887646291478, 0.0006359046458912505, 0.0008897485938365229, 0.0009996448720731507, 0.0009207974618222197, 0.0007278884356053184, 0.000524384083947668, 0.00036585478694042004, 0.0002502704736764222, 0.0001735901221197536, 0.00011779449141853944, 7.880567027629118e-05, 5.449582253572444e-05]}