{"snrs": [-3, -2.5, -2, -1.5, -1.0, -0.5, 0, 0.5, 1.0, 1.5, 2.0, 2.5, 3.0], "ber_mean": [0.06601689010858536, 0.03862232714891434, 0.02370266430079937, 0.015017129480838776, 0.009842830710113049, 0.006593079771846533, 0.004511578939855099, 0.0031426299829035997, 0.002260649809613824, 0.001668470213189721, 0.0012407301692292094, 0.0009538500453345478, 0.0007421599584631622], "ber_var": [0.006636312231421471, 0.003714041318744421, 0.001994401216506958, 0.0010647765593603253, 0.0006008167983964086, 0.000346589891705662, 0.00020279068849049509, 0.0001249742927029729, 8.019222877919674e-05, 5.490336116054095e-05, 3.72111244359985e-05, 2.7527483325684443e-05, 2.109941851813346e-05], "ber_error_bar_width": [0.0001629271276543163, 0.00012188586987414777, 8.931743875653753e-05, 6.526182833357721e-05, 4.9023129169664746e-05, 3.723384974485781e-05, 2.8480919120737315e-05, 2.2358380326219775e-05, 1.7910022755898077e-05, 1.4819360466705836e-05, 1.2200184332377689e-05, 1.0493328037507346e-05, 9.18682067271011e-06], "bler_mean": [0.7399138808250427, 0.6055319309234619, 0.48597899079322815, 0.38321197032928467, 0.2977410852909088, 0.22994500398635864, 0.17692500352859497, 0.1357000172138214, 0.10470300912857056, 0.08113697916269302, 0.063400998711586, 0.04983700439333916, 0.03946501016616821], "bler_var": [0.1924414485692978, 0.23886322975158691, 0.2498035728931427, 0.23636086285114288, 0.20909149944782257, 0.17707042396068573, 0.14562268555164337, 0.11728557199239731, 0.09374033659696579, 0.07455386221408844, 0.05938136577606201, 0.04735331982374191, 0.03790753707289696], "bler_error_bar_width": [0.0008773629774940307, 0.0009774727203387048, 0.0009996070685887384, 0.0009723391648003137, 0.0009145304794217032, 0.0008415947337304, 0.0007632108111174615, 0.0006849396235943642, 0.0006123408743403164, 0.0005460910627874748, 0.0004873658411339966, 0.00043521635917663715, 0.00038939716009697326]}