{"snrs": [-3.0, -2.4999999999999996, -2.0, -1.5000000000000002, -1.0000000000000009, -0.49999999999999956, -0.0, 0.49999999999999983, 0.9999999999999993, 1.4999999999999991, 1.9999999999999998, 2.499999999999999, 3.0000000000000004], "ber_mean": [0.19381784, 0.15592536, 0.10963729, 0.06315933, 0.02809351, 0.00914043, 0.00225042, 0.00043976, 9.915e-05, 3.236e-05, 1.463e-05, 7.59e-06, 4.27e-06], "ber_var": [0.005109916906803846, 0.007044196128845215, 0.008086188696324825, 0.006607911549508572, 0.0035490826703608036, 0.0012062483001500368, 0.0002775240282062441, 4.261666254024021e-05, 5.824476829729974e-06, 1.067754055839032e-06, 2.8008616936858743e-07, 1.1244247843933408e-07, 5.7881834436557256e-08], "ber_error_bar_width": [0.00014296736560213798, 0.0001678594189057643, 0.00017984647559877092, 0.00016257812336853409, 0.00011914835576474907, 6.946217100408068e-05, 3.331810488045466e-05, 1.305628776340966e-05, 4.8267905816308106e-06, 2.0666437098242472e-06, 1.0584633566989222e-06, 6.706488751629547e-07, 4.811728771930407e-07], "bler_mean": [0.976238, 0.903132, 0.735835, 0.488768, 0.250767, 0.097302, 0.031238, 0.009884, 0.004083, 0.00198, 0.001129, 0.000658, 0.000385], "bler_var": [0.023197390553390557, 0.08748467806067804, 0.1943820471570471, 0.24987409205009195, 0.18788309959409968, 0.08783440863040862, 0.030262217618217624, 0.009786316330316328, 0.0040663331773331795, 0.0019760815760815767, 0.001127726486726486, 0.0006575676935676931, 0.00038485215985216014], "bler_error_bar_width": [0.00030461379189649675, 0.0005915561784333861, 0.000881775588587135, 0.0009997481523865738, 0.000866909682940731, 0.0005927374077292865, 0.00034792078189276146, 0.0001978516245100487, 0.00012753561349416372, 8.890627820534558e-05, 6.716327826205288e-05, 5.128616552512746e-05, 3.9235298385620065e-05], "num_blocks": 1000000}