{"snrs": [-3, -2.5, -2, -1.5, -1.0, -0.5, 0, 0.5, 1.0, 1.5, 2.0, 2.5, 3.0], "ber_mean": [0.191124227643013, 0.1533644214272499, 0.1076581448316574, 0.062103566527366635, 0.027928479202091693, 0.009382678382098674, 0.0023265999741852285, 0.0004777199908858165, 0.00010720999853219837, 3.464001129032113e-05, 1.5869997878326102e-05, 7.540001115557971e-06, 3.7200004726400947e-06], "ber_var": [0.005126752983778715, 0.006944223819300532, 0.007817507907748222, 0.006350890407338739, 0.003421260486356914, 0.0011990558239631354, 0.0002733763394644484, 4.407125634315889e-05, 6.339415631373413e-06, 1.0675988505681745e-06, 4.558487944450462e-07, 1.7134338676783044e-07, 4.858619320202706e-08], "ber_error_bar_width": [0.000143202695278807, 0.0001666640191439116, 0.00017683334422838044, 0.00015938494793848933, 0.00011698308401400459, 6.925477092484345e-05, 3.3068192539928665e-05, 1.3277237113670734e-05, 5.035639237027773e-06, 2.0664935040480282e-06, 1.3503315066235346e-06, 8.278729051438523e-07, 4.408455203448349e-07], "bler_mean": [0.9766001462936401, 0.9050210595130921, 0.7413210332393646, 0.4970859885215759, 0.2597930669784546, 0.10422100052237511, 0.03397099040448666, 0.010991000011563301, 0.004206999391317368, 0.0020509997149929403, 0.001093999994918704, 0.0005900000629480928, 0.0003310000378405675], "bler_var": [0.022852419689297677, 0.08595811873674393, 0.19176457524299623, 0.24999184161424637, 0.19230071902275087, 0.09335891529917717, 0.03281689509749412, 0.010870221070945263, 0.0041893062647432085, 0.0020467934431508184, 0.001092803990468383, 0.0005896528949961066, 0.0003308907704195008], "bler_error_bar_width": [0.00030234033597452837, 0.0005863723006307304, 0.0008758186461659656, 0.000999983683095372, 0.00087704211762663, 0.0006110938235628868, 0.0003623086810855855, 0.00020852070468848185, 0.0001294497008840609, 9.048300267234324e-05, 6.611517194920944e-05, 4.85655390167187e-05, 3.6380806501203393e-05]}