{"snrs": [-3.0, -2.4999999999999996, -2.0, -1.5000000000000002, -1.0000000000000009, -0.49999999999999956, -0.0, 0.49999999999999983, 0.9999999999999993, 1.4999999999999991, 1.9999999999999998, 2.499999999999999, 3.0000000000000004], "ber_mean": [0.18483593, 0.14873445, 0.10646366, 0.06477545, 0.03185664, 0.01237754, 0.00379869, 0.00098264, 0.00024175, 7.183e-05, 2.611e-05, 1.1110000000000002e-05, 4.92e-06], "ber_var": [0.005111239850521088, 0.006421404890716076, 0.006915247533470392, 0.00569489598274231, 0.0032970665488392115, 0.0013226105365902185, 0.000369999062968418, 7.793289114488289e-05, 1.380467256240081e-05, 2.8213444238645025e-06, 7.632191909578978e-07, 2.475768212661933e-07, 8.977587384606522e-08], "ber_error_bar_width": [0.00014298587133729104, 0.00016026733779177935, 0.0001663159346962328, 0.00015092906920460763, 0.000114840176747325, 7.273542566288366e-05, 3.847071940935953e-05, 1.7655921516010756e-05, 7.4309279534660565e-06, 3.3593716221129825e-06, 1.7472483406292282e-06, 9.951418416812617e-07, 5.992524471241323e-07], "bler_mean": [0.982205, 0.927227, 0.793749, 0.578634, 0.340654, 0.160031, 0.061727, 0.021366, 0.00731, 0.002928, 0.00133, 0.000663, 0.000344], "bler_var": [0.01747835545335546, 0.06747715794815791, 0.16371168871068872, 0.24381693786093783, 0.22460907689307694, 0.13442121346021346, 0.05791683538783538, 0.02090951495351495, 0.007256571156571152, 0.002919429735429738, 0.0013282324282324286, 0.0006625610935610935, 0.0003438820078820076], "bler_error_bar_width": [0.0002644114630900518, 0.0005195273157328993, 0.0008092260220993607, 0.000987556454813471, 0.0009478588014954062, 0.0007332699733664633, 0.0004813183370196294, 0.0002892024547165183, 0.00017037102050021478, 0.00010806349495421177, 7.28898464323373e-05, 5.148052422270362e-05, 3.708811172772254e-05], "num_blocks": 1000000}