{
  "snrs": [
    -3,
    -2.4999999999999996,
    -2,
    -1.5000000000000002,
    -1.0000000000000009,
    -0.49999999999999956,
    0,
    0.49999999999999983,
    0.9999999999999993,
    1.4999999999999991,
    1.9999999999999998,
    2.499999999999999,
    3.0000000000000004
  ],
  "ber_mean": [
    0.19534079,
    0.16157379,
    0.11847234,
    0.07201966,
    0.03420076,
    0.01198159,
    0.0030614,
    0.0005954899999999998,
    0.00012118,
    0.00003253,
    0.00001408,
    0.00000754,
    0.00000409
  ],
  "ber_var": [
    0.004276754800230265,
    0.0060859564691782,
    0.007583830039948225,
    0.00694053340703249,
    0.004210552666336298,
    0.0016245394945144653,
    0.00040661447565071285,
    0.00006708275031996891,
    0.000009725727068143897,
    0.0000012060430663041188,
    2.690019300644053e-7,
    1.0514324344512715e-7,
    5.008332593092746e-8
  ],
  "ber_error_bar_width": [
    0.00013079380413812063,
    0.00015602508092198766,
    0.00017417037681475257,
    0.0001666197276078975,
    0.00012977754299317424,
    0.00008061115293839843,
    0.00004032936774365365,
    0.000016380811984754468,
    0.000006237219594705287,
    0.0000021963998418358335,
    0.0000010373079196929045,
    6.485159780456521e-7,
    4.4758608526596293e-7
  ],
  "bler_mean": [
    0.982252,
    0.921965,
    0.771894,
    0.532544,
    0.284091,
    0.114344,
    0.036481,
    0.011038,
    0.004083,
    0.001967,
    0.00111,
    0.000647,
    0.000368
  ],
  "bler_var": [
    0.017433025929025927,
    0.07194561072061074,
    0.17607382883782877,
    0.24894113700513695,
    0.20338350710250705,
    0.10126955093355093,
    0.03515017178917177,
    0.010916173472173461,
    0.004066333177333179,
    0.0019631328741328735,
    0.001108769008769009,
    0.0006465820375820376,
    0.0003678649438649439
  ],
  "bler_error_bar_width": [
    0.0002640683693972145,
    0.0005364535794292391,
    0.0008392230426718007,
    0.000997880026867232,
    0.0009019612122536247,
    0.0006364575427585125,
    0.0003749675814743017,
    0.0002089609865230681,
    0.00012753561349416372,
    0.00008861451064318696,
    0.00006659636653058511,
    0.000050855954915114416,
    0.00003835961125271965
  ],
  "num_blocks": 1000000
}