{"snrs": [-3, -2.5, -2, -1.5, -1.0, -0.5, 0, 0.5, 1.0, 1.5, 2.0, 2.5, 3.0], "ber_mean": [0.24581481516361237, 0.1871608942747116, 0.12459999322891235, 0.0689769834280014, 0.03063100017607212, 0.010886198841035366, 0.003310590051114559, 0.0010094399331137538, 0.00036346007254906, 0.00014878000365570188, 6.311999459285289e-05, 2.8129996280767955e-05, 1.219999830937013e-05], "ber_var": [0.015248637646436691, 0.018129659816622734, 0.016977526247501373, 0.01162643451243639, 0.005528652109205723, 0.001794292125850916, 0.00040639692451804876, 7.07659128238447e-05, 1.2914109902339987e-05, 3.3280680327152368e-06, 1.172817064798437e-06, 4.6250912077994144e-07, 1.9305127807456302e-07], "ber_error_bar_width": [0.000246970748441484, 0.0002692928503813106, 0.0002605956733908019, 0.0002156518909023187, 0.00014870981284643894, 8.471817103433987e-05, 4.031857757997168e-05, 1.68244955732818e-05, 7.1872414464354785e-06, 3.648598653025699e-06, 2.1659335768194156e-06, 1.36016046226898e-06, 8.787520197975377e-07], "bler_mean": [0.9712329506874084, 0.9031330347061157, 0.7628908753395081, 0.5593780875205994, 0.34824201464653015, 0.18647901713848114, 0.09048299491405487, 0.04212399572134018, 0.019794000312685966, 0.009313000366091728, 0.004326000344008207, 0.0020509990863502026, 0.0009179998887702823], "bler_var": [0.027939477935433388, 0.08748387545347214, 0.18088845908641815, 0.24647444486618042, 0.22696976363658905, 0.15170468389987946, 0.08229589462280273, 0.04034959524869919, 0.019402220845222473, 0.009226277470588684, 0.004307289142161608, 0.0020467955619096756, 0.0009171581477858126], "bler_error_bar_width": [0.0003343021264391442, 0.0005915534648819906, 0.0008506196778500205, 0.000992923853809909, 0.0009528268754324451, 0.000778985709496341, 0.0005737452208874693, 0.00040174417356670744, 0.0002785837098268488, 0.0001921070271550594, 0.00013125988179427266, 9.04830495045271e-05, 6.0569237993747704e-05]}