{"snrs": [-3.0, -2.4999999999999996, -2.0, -1.5000000000000002, -1.0000000000000009, -0.49999999999999956, -0.0, 0.49999999999999983, 0.9999999999999993, 1.4999999999999991, 1.9999999999999998, 2.499999999999999, 3.0000000000000004], "ber_mean": [0.07946295000000002, 0.05061367, 0.0315342, 0.01972281, 0.01237809, 0.00819441, 0.0055118, 0.00356725, 0.00249461, 0.00185178, 0.00126309, 0.00105829, 0.00072046], "ber_var": [0.0039754328317940235, 0.0033257296308875084, 0.0023677644785493612, 0.001567588304169476, 0.0010199160315096378, 0.0006994206923991442, 0.00047812561388127506, 0.0003129074757453054, 0.00022299980628304183, 0.00016617604705970734, 0.0001122025860240683, 9.468123607803136e-05, 6.311840115813538e-05], "ber_error_bar_width": [0.00012610206710112287, 0.00011533827865695774, 9.731936042842371e-05, 7.918556192057934e-05, 6.387224848115613e-05, 5.289312592007185e-05, 4.373216728593611e-05, 3.537838185928268e-05, 2.9866356073886337e-05, 2.578185773443856e-05, 2.1185144420000377e-05, 1.946085672091867e-05, 1.5889418007987e-05], "bler_mean": [0.769917, 0.581414, 0.413987, 0.288462, 0.195748, 0.136477, 0.096973, 0.066604, 0.047932, 0.037155, 0.026514, 0.022731, 0.015957], "bler_var": [0.17714499025599018, 0.24337200397600398, 0.24260200643300642, 0.2052518798078798, 0.15743087792687807, 0.11785114632214616, 0.08756932484032481, 0.062167969351969346, 0.04563456901056903, 0.035774541749541755, 0.02581103361503361, 0.02221432385332385, 0.01570238985338986], "bler_error_bar_width": [0.0008417719174598073, 0.0009866549629450085, 0.000985092902081842, 0.0009060946524682281, 0.000793551202952596, 0.0006865890949385846, 0.0005918422926433183, 0.0004986701087972662, 0.0004272449836361758, 0.0003782831836047791, 0.0003213162530282812, 0.00029808940842186157, 0.0002506183541035242], "num_blocks": 1000000}