{"snrs": [-3.0, -2.4999999999999996, -2.0, -1.5000000000000002, -1.0000000000000009, -0.49999999999999956, -0.0, 0.49999999999999983, 0.9999999999999993, 1.4999999999999991, 1.9999999999999998, 2.499999999999999, 3.0000000000000004], "ber_mean": [0.06931928, 0.04569282, 0.029885390000000005, 0.01965648, 0.01295673, 0.00866282, 0.00614932, 0.00426265, 0.00295091, 0.00220408, 0.00161197, 0.00123918, 0.00086668], "ber_var": [0.003420014400035143, 0.00270671583712101, 0.0018995704594999552, 0.0012754338094964623, 0.0008366118418052793, 0.0005502118146978319, 0.0003890963562298566, 0.00026654195971786976, 0.00018435201491229236, 0.0001387231459375471, 0.00010278516128892079, 7.769891089992598e-05, 5.542932194657624e-05], "ber_error_bar_width": [0.00011696177837285381, 0.00010405221452945651, 8.716812397889391e-05, 7.142643234815701e-05, 5.784848630017139e-05, 4.691318853788695e-05, 3.9451050998920506e-05, 3.2652225634273064e-05, 2.7155258416173642e-05, 2.35561580855238e-05, 2.0276603392967058e-05, 1.762939714226507e-05, 1.4890174202684968e-05], "bler_mean": [0.783173, 0.619488, 0.470893, 0.347341, 0.250329, 0.181109, 0.135255, 0.098984, 0.071005, 0.054519, 0.040634, 0.032544, 0.02306], "bler_var": [0.16981322188422188, 0.23572285357885345, 0.24915303170403175, 0.22669545641445635, 0.18766457942357945, 0.14830867842767842, 0.11696120193620202, 0.08918625693025689, 0.06596335593835591, 0.0515467301857302, 0.03898291702691702, 0.031484919548919535, 0.02252825892825891], "bler_error_bar_width": [0.0008241679971564581, 0.0009710259596506232, 0.0009983046262620077, 0.0009522509257847038, 0.0008664054003146089, 0.0007702173158990349, 0.0006839918184779757, 0.0005972813639492091, 0.0005136666465261528, 0.0004540780998274645, 0.00039488184069119724, 0.0003548798080980068, 0.00030018833373906395], "num_blocks": 1000000}