{"snrs": [-3, -2.4999999999999996, -2, -1.5000000000000002, -1.0000000000000009, -0.49999999999999956, 0, 0.49999999999999983, 0.9999999999999993, 1.4999999999999991, 1.9999999999999998, 2.499999999999999, 3.0000000000000004], "ber_mean": [0.07616899907588959, 0.04326550289988518, 0.025422899052500725, 0.015613799914717674, 0.009928100742399693, 0.006632199510931969, 0.004426599480211735, 0.003120899898931384, 0.002270099939778447, 0.0016154999611899257, 0.0012356999795883894, 0.0009106000070460141, 0.0006979000172577798], "ber_var": [0.00881572812795639, 0.004973250906914473, 0.0025945748202502728, 0.0013307443587109447, 0.0006847206968814135, 0.00038288175710476935, 0.00021082331659272313, 0.00012117417645640671, 8.5576502897311e-05, 4.986566273146309e-05, 3.501839455566369e-05, 2.3013037207419984e-05, 1.7882111933431588e-05], "ber_error_bar_width": [0.0005938258373616422, 0.0004460157354584913, 0.0003221536788708316, 0.00023071578695104024, 0.00016549570349485372, 0.00012375487983991087, 9.183100055922795e-05, 6.96201627278784e-05, 5.850692365773849e-05, 4.4661241689618566e-05, 3.7426404879797736e-05, 3.0340097038355027e-05, 2.674480280984071e-05], "bler_mean": [0.7551900744438171, 0.6207799911499023, 0.49890002608299255, 0.395330011844635, 0.3101499676704407, 0.24067999422550201, 0.1849900186061859, 0.14499999582767487, 0.11232000589370728, 0.08602000027894974, 0.06828999519348145, 0.053349997848272324, 0.04140999913215637], "bler_var": [0.18487991392612457, 0.235414519906044, 0.2500012516975403, 0.23904654383659363, 0.21395909786224365, 0.18275494873523712, 0.15077023208141327, 0.12397626042366028, 0.09970521926879883, 0.07862134277820587, 0.06362710893154144, 0.05050428584218025, 0.039695605635643005], "bler_error_bar_width": [0.0027194110680522324, 0.0030686447816979014, 0.0031622855765888083, 0.003092226019142803, 0.0029254681530465764, 0.0027037377737882578, 0.00245577060884288, 0.0022268925472385083, 0.0019970500170881935, 0.0017733735396492853, 0.0015953320523520041, 0.0014213273492363432, 0.001260088975202037], "num_blocks": 100000}