{"snrs": [-3.0, -2.4999999999999996, -2.0, -1.5000000000000002, -1.0000000000000009, -0.49999999999999956, -0.0, 0.49999999999999983, 0.9999999999999993, 1.4999999999999991, 1.9999999999999998, 2.499999999999999, 3.0000000000000004], "ber_mean": [0.07131581, 0.04487769, 0.0278226, 0.01783916, 0.01166878, 0.00784381, 0.00502258, 0.00362637, 0.00253021, 0.00178993, 0.00136635, 0.00094487, 0.00076471], "ber_var": [0.0038579495158046484, 0.0030097293201833963, 0.002029016148298979, 0.001336290966719389, 0.0009011720540001988, 0.0006121143815107644, 0.0004008481919299811, 0.0002915251534432173, 0.00020510693138930947, 0.00014693621778860688, 0.00011250728130107746, 7.649958570254967e-05, 6.129878602223471e-05], "ber_error_bar_width": [0.00012422478844102973, 0.00010972199998511505, 9.008920353292017e-05, 7.311062759187309e-05, 6.0039055755406374e-05, 4.948189088993121e-05, 4.004238713813057e-05, 3.414821538196205e-05, 2.8643109565081058e-05, 2.4243450067068166e-05, 2.1213889912137987e-05, 1.749280831685406e-05, 1.5658708250968176e-05], "bler_mean": [0.739388, 0.555114, 0.396814, 0.28231, 0.19771, 0.141516, 0.094855, 0.071304, 0.051606, 0.037809, 0.029721, 0.021277, 0.017366], "bler_var": [0.1926935781495781, 0.24696269396669407, 0.2393528887568888, 0.2026112665112665, 0.15862091452091454, 0.12148934323334322, 0.08585761483261477, 0.06621980580380576, 0.048942869706869695, 0.03637951589851591, 0.028837690996691017, 0.020824310095310106, 0.017064439108439123], "bler_error_bar_width": [0.0008779375334261046, 0.0009939068245397936, 0.0009784740952255993, 0.0009002472249582701, 0.0007965448249054526, 0.0006971064286989274, 0.0005860294014215149, 0.000514664184896543, 0.0004424607087951186, 0.00038146829959259215, 0.0003396332786797608, 0.0002886126129974926, 0.00026126185414973325], "num_blocks": 1000000}