{"snrs": [-3, -2.5, -2, -1.5, -1.0, -0.5, 0, 0.5, 1.0, 1.5, 2.0, 2.5, 3.0], "ber_mean": [0.07124499976634979, 0.045498598366975784, 0.02824229933321476, 0.017986100167036057, 0.01190279982984066, 0.007855399511754513, 0.005335099995136261, 0.0038141999393701553, 0.002524800132960081, 0.0019364000763744116, 0.0014998998958617449, 0.0010919999331235886, 0.0008046999573707581], "ber_var": [0.0038075922057032585, 0.00297115882858634, 0.002023529727011919, 0.001317624468356371, 0.0008794862660579383, 0.0005835905321873724, 0.0004036777827423066, 0.00029760284814983606, 0.00018894928507506847, 0.0001539598888484761, 0.00012841059651691467, 8.882641850505024e-05, 6.120406760601327e-05], "ber_error_bar_width": [0.00039026105138500604, 0.00034474099428912365, 0.0002845016504002688, 0.00022957564926240508, 0.0001875618581756897, 0.000152786194688836, 0.00012707128436311748, 0.00010910597566583346, 8.69365941534561e-05, 7.847544554788488e-05, 7.166884860716396e-05, 5.960752251353859e-05, 4.9478911712370255e-05], "bler_mean": [0.7498499751091003, 0.5731400847434998, 0.41317999362945557, 0.29541003704071045, 0.210889995098114, 0.14866000413894653, 0.10603000223636627, 0.0778999999165535, 0.05562000349164009, 0.04288000240921974, 0.03288000077009201, 0.0254100002348423, 0.019200000911951065], "bler_var": [0.18757686018943787, 0.24465297162532806, 0.24246470630168915, 0.20814500749111176, 0.16641707718372345, 0.1265614777803421, 0.0947885736823082, 0.0718323141336441, 0.05252694711089134, 0.04104170948266983, 0.03179922327399254, 0.02476458065211773, 0.01883154921233654], "bler_error_bar_width": [0.002739174037475077, 0.0031282772998909676, 0.0031142556497608808, 0.002885446291242391, 0.0025800548613060417, 0.0022499909135846935, 0.001947188472462881, 0.0016950789259930535, 0.0014495095323714341, 0.001281276074586111, 0.0011278160004893091, 0.0009952804760893833, 0.0008679066588599615]}