{"snrs": [-3.0, -2.4999999999999996, -2.0, -1.5000000000000002, -1.0000000000000009, -0.49999999999999956, -0.0, 0.49999999999999983, 0.9999999999999993, 1.4999999999999991, 1.9999999999999998, 2.499999999999999, 3.0000000000000004], "ber_mean": [0.19763887, 0.16609705, 0.1252406, 0.07997864, 0.04078587, 0.01571285, 0.00447838, 0.00097172, 0.00018519999999999998, 4.751e-05, 1.917e-05, 9.74e-06, 5.15e-06], "ber_var": [0.004130115266889334, 0.00579548766836524, 0.0074034701101481915, 0.007208111695945263, 0.004811844322830439, 0.002099695149809122, 0.0006054525729268789, 0.00011725685908459127, 1.6592714018770494e-05, 2.4984444735309808e-06, 5.505327749233402e-07, 1.7190525625210284e-07, 7.327354012431897e-08], "ber_error_bar_width": [0.00012853194570828426, 0.00015225620077179437, 0.00017208683982394694, 0.00016980119782787474, 0.00013873491734715438, 9.164486128112414e-05, 4.921189177127329e-05, 2.1657041264641046e-05, 8.146831044957418e-06, 3.161293705767296e-06, 1.4839579170897538e-06, 8.292291752033399e-07, 5.413817142250705e-07], "bler_mean": [0.985109, 0.934459, 0.802787, 0.5807, 0.331789, 0.14525, 0.049635, 0.015517, 0.005272, 0.002459, 0.001323, 0.000775, 0.000441], "bler_var": [0.01466927278827279, 0.061245438564438585, 0.15832019095119101, 0.24348775348775356, 0.22170528118428107, 0.12415256165256158, 0.04717141394641398, 0.01527623798723797, 0.00524421126021126, 0.0024529557719557716, 0.001321250992250992, 0.0007744001494001488, 0.00044080595980595965], "bler_error_bar_width": [0.00024223354671285965, 0.0004949563155044638, 0.0007957893966400683, 0.000986889565225519, 0.0009417118055632118, 0.000704705787268876, 0.00043437962174307384, 0.00024719415840377757, 0.00014483385322791437, 9.9054646977429e-05, 7.269803277258586e-05, 5.565609218765359e-05, 4.199075897413428e-05], "num_blocks": 1000000}